Data,Otwarcie,Najwyzszy,Najnizszy,Zamkniecie
2019-01-02,1.14621,1.14968,1.13145,1.13426
2019-01-03,1.13432,1.14107,1.13096,1.1394
2019-01-04,1.13938,1.1419,1.13463,1.14029
2019-01-07,1.14054,1.14826,1.14048,1.14758
2019-01-08,1.14766,1.14846,1.14228,1.14411
2019-01-09,1.14412,1.15568,1.14395,1.15495
2019-01-10,1.15495,1.15698,1.1486,1.14985
2019-01-11,1.14983,1.15402,1.14582,1.14636
2019-01-14,1.1465,1.1482,1.14507,1.14658
2019-01-15,1.14661,1.14897,1.13821,1.14063
2019-01-16,1.14062,1.14246,1.1378,1.13951
2019-01-17,1.13951,1.14057,1.13706,1.13889
2019-01-18,1.13885,1.141,1.13534,1.13645
2019-01-21,1.13659,1.13913,1.1357,1.13702
2019-01-22,1.137,1.13738,1.13364,1.13633
2019-01-23,1.13631,1.13942,1.13511,1.13808
2019-01-24,1.13803,1.13914,1.12895,1.13025
2019-01-25,1.13025,1.14174,1.13008,1.14163
2019-01-28,1.14093,1.14437,1.13906,1.14276
2019-01-29,1.1428,1.14502,1.14115,1.14351
2019-01-30,1.14351,1.15015,1.14065,1.14812
2019-01-31,1.14816,1.15141,1.1436,1.14461
2019-02-01,1.14461,1.14885,1.14347,1.14596
2019-02-04,1.14565,1.14603,1.14248,1.14358
2019-02-05,1.14357,1.14403,1.14013,1.14059
2019-02-06,1.1405,1.14096,1.1361,1.13674
2019-02-07,1.13674,1.13684,1.1325,1.13425
2019-02-08,1.13425,1.1351,1.13212,1.13231
2019-02-11,1.13191,1.133,1.12676,1.12774
2019-02-12,1.12769,1.13397,1.12581,1.13297
2019-02-13,1.13291,1.1342,1.12498,1.12567
2019-02-14,1.12572,1.131,1.12501,1.1295
2019-02-15,1.1295,1.13063,1.12345,1.12997
2019-02-18,1.12912,1.1334,1.12896,1.13105
2019-02-19,1.13102,1.1357,1.12757,1.13393
2019-02-20,1.13393,1.13712,1.13251,1.13457
2019-02-21,1.13453,1.13662,1.13223,1.13373
2019-02-22,1.13365,1.13557,1.13167,1.13319
2019-02-25,1.13367,1.13675,1.13354,1.13598
2019-02-26,1.13596,1.1402,1.13455,1.13933
2019-02-27,1.13932,1.1403,1.13625,1.13726
2019-02-28,1.13725,1.14194,1.13602,1.13706
2019-03-01,1.13705,1.14086,1.13534,1.13677
2019-03-04,1.13778,1.13813,1.13091,1.13379
2019-03-05,1.13376,1.1339,1.12899,1.13006
2019-03-06,1.13005,1.13244,1.12876,1.13084
2019-03-07,1.13085,1.13202,1.11766,1.11918
2019-03-08,1.11935,1.12459,1.11853,1.12329
2019-03-11,1.12344,1.12737,1.12219,1.12634
2019-03-12,1.12634,1.13049,1.12493,1.12897
2019-03-13,1.12897,1.13387,1.12775,1.13374
2019-03-14,1.13373,1.13376,1.12942,1.1306
2019-03-15,1.13061,1.13444,1.13008,1.13258
2019-03-18,1.13265,1.13588,1.1319,1.1335
2019-03-19,1.13351,1.13617,1.13339,1.13536
2019-03-20,1.13536,1.14479,1.13357,1.14212
2019-03-21,1.14212,1.14375,1.13425,1.13764
2019-03-22,1.13761,1.13903,1.12739,1.13005
2019-03-25,1.12958,1.13313,1.12894,1.13145
2019-03-26,1.13149,1.13259,1.12634,1.12756
2019-03-27,1.12756,1.12856,1.12423,1.12493
2019-03-28,1.12494,1.12614,1.12141,1.12284
2019-03-29,1.12285,1.12467,1.121,1.12177
2019-04-01,1.12293,1.12493,1.11986,1.12026
2019-04-02,1.12026,1.12148,1.11841,1.12034
2019-04-03,1.12036,1.12547,1.12019,1.12373
2019-04-04,1.12368,1.12476,1.12062,1.12211
2019-04-05,1.12212,1.12457,1.12104,1.1218
2019-04-08,1.1217,1.12744,1.1215,1.12609
2019-04-09,1.12608,1.12842,1.12554,1.12646
2019-04-10,1.12645,1.12872,1.12297,1.12753
2019-04-11,1.12751,1.12874,1.12503,1.12573
2019-04-12,1.12574,1.13238,1.12567,1.1297
2019-04-15,1.13017,1.1321,1.12981,1.13012
2019-04-16,1.13008,1.13138,1.12799,1.12862
2019-04-17,1.12861,1.13237,1.12792,1.12982
2019-04-18,1.12977,1.13038,1.12263,1.1232
2019-04-22,1.12441,1.12621,1.12359,1.12581
2019-04-23,1.12581,1.12615,1.11924,1.12232
2019-04-24,1.12229,1.12248,1.11408,1.11555
2019-04-25,1.11555,1.11624,1.11182,1.11346
2019-04-26,1.11346,1.1174,1.11119,1.11478
2019-04-29,1.11488,1.1191,1.11451,1.11834
2019-04-30,1.11828,1.1229,1.11758,1.12145
2019-05-01,1.12151,1.12647,1.11879,1.11996
2019-05-02,1.11995,1.12191,1.11709,1.11721
2019-05-03,1.11721,1.12021,1.11362,1.11994
2019-05-06,1.11801,1.12091,1.11799,1.11951
2019-05-07,1.11952,1.12179,1.11669,1.11942
2019-05-08,1.11938,1.12138,1.11829,1.11947
2019-05-09,1.11946,1.1251,1.11739,1.12187
2019-05-10,1.12187,1.12528,1.12179,1.12311
2019-05-13,1.12364,1.12635,1.12199,1.12268
2019-05-14,1.12265,1.1244,1.12015,1.12074
2019-05-15,1.12074,1.12243,1.11785,1.1205
2019-05-16,1.1205,1.1224,1.11666,1.11736
2019-05-17,1.11748,1.11839,1.11556,1.11609
2019-05-20,1.11614,1.11748,1.11508,1.11676
2019-05-21,1.11678,1.11873,1.11422,1.11625
2019-05-22,1.1163,1.11799,1.11488,1.11526
2019-05-23,1.11525,1.11876,1.11085,1.11834
2019-05-24,1.11833,1.12121,1.11774,1.12081
2019-05-27,1.12098,1.12155,1.11871,1.11943
2019-05-28,1.11942,1.11981,1.11594,1.11657
2019-05-29,1.11658,1.11725,1.11246,1.11356
2019-05-30,1.11357,1.11433,1.11166,1.11299
2019-05-31,1.11299,1.11799,1.11253,1.11712
2019-06-03,1.11683,1.1262,1.11606,1.12444
2019-06-04,1.12444,1.12773,1.12277,1.12536
2019-06-05,1.12536,1.13047,1.12201,1.12267
2019-06-06,1.12267,1.13081,1.12096,1.12773
2019-06-07,1.12771,1.13475,1.12515,1.13338
2019-06-10,1.13278,1.13303,1.12907,1.13134
2019-06-11,1.13133,1.13375,1.13026,1.13274
2019-06-12,1.13273,1.13435,1.1283,1.12919
2019-06-13,1.12919,1.13038,1.12689,1.12775
2019-06-14,1.12775,1.12892,1.12025,1.12069
2019-06-17,1.12109,1.12463,1.12039,1.12211
2019-06-18,1.12215,1.12429,1.11816,1.11948
2019-06-19,1.11948,1.12532,1.11873,1.12295
2019-06-20,1.12296,1.13164,1.12295,1.12931
2019-06-21,1.12943,1.13775,1.12832,1.13723
2019-06-24,1.13733,1.1404,1.13713,1.13966
2019-06-25,1.13968,1.1412,1.13446,1.13688
2019-06-26,1.13689,1.13899,1.13481,1.13749
2019-06-27,1.13741,1.13813,1.13479,1.13684
2019-06-28,1.1368,1.13929,1.13516,1.1371
2019-07-01,1.13659,1.1371,1.12815,1.12882
2019-07-02,1.12879,1.13195,1.12753,1.12896
2019-07-03,1.12896,1.13094,1.12689,1.12799
2019-07-04,1.12807,1.12949,1.12732,1.1285
2019-07-05,1.12855,1.12895,1.12075,1.12261
2019-07-08,1.12275,1.12345,1.12073,1.12159
2019-07-09,1.12157,1.12189,1.11939,1.12082
2019-07-10,1.12082,1.12633,1.12019,1.12541
2019-07-11,1.12542,1.12858,1.12455,1.12534
2019-07-12,1.12536,1.12749,1.12383,1.12713
2019-07-15,1.1269,1.12839,1.12541,1.12612
2019-07-16,1.1261,1.12635,1.12022,1.12115
2019-07-17,1.12115,1.12335,1.12001,1.12275
2019-07-18,1.12281,1.12815,1.12055,1.12776
2019-07-19,1.12776,1.12819,1.12045,1.12193
2019-07-22,1.1219,1.12249,1.12063,1.12092
2019-07-23,1.12091,1.12105,1.1146,1.11521
2019-07-24,1.11524,1.11558,1.11275,1.11429
2019-07-25,1.11424,1.11875,1.11016,1.11479
2019-07-26,1.11475,1.11508,1.11122,1.11247
2019-07-29,1.11282,1.11511,1.11135,1.11452
2019-07-30,1.11457,1.11609,1.11324,1.11554
2019-07-31,1.1156,1.11619,1.10606,1.1071
2019-08-01,1.10711,1.10956,1.10271,1.10835
2019-08-02,1.10834,1.11164,1.10704,1.11057
2019-08-05,1.11078,1.12146,1.11047,1.12139
2019-08-06,1.12139,1.12498,1.1168,1.12022
2019-08-07,1.12027,1.12418,1.11798,1.12021
2019-08-08,1.12016,1.12312,1.11782,1.11936
2019-08-09,1.11936,1.12227,1.11834,1.12027
2019-08-12,1.12017,1.12305,1.11623,1.12164
2019-08-13,1.12158,1.12283,1.11704,1.11726
2019-08-14,1.11726,1.11905,1.11309,1.11419
2019-08-15,1.1142,1.11584,1.10918,1.11062
2019-08-16,1.11067,1.11135,1.10664,1.10928
2019-08-19,1.10932,1.11129,1.10769,1.10802
2019-08-20,1.10802,1.11068,1.10661,1.10984
2019-08-21,1.10983,1.11072,1.10807,1.10882
2019-08-22,1.10881,1.11131,1.10638,1.10809
2019-08-23,1.10811,1.11529,1.10519,1.114
2019-08-26,1.11487,1.11642,1.10945,1.11001
2019-08-27,1.11023,1.11154,1.10861,1.10906
2019-08-28,1.10911,1.10979,1.10685,1.10815
2019-08-29,1.10816,1.10908,1.10422,1.10585
2019-08-30,1.10584,1.10605,1.09635,1.09901
2019-09-02,1.09935,1.09967,1.09581,1.09698
2019-09-03,1.09698,1.09785,1.09264,1.09718
2019-09-04,1.09717,1.10385,1.09686,1.10349
2019-09-05,1.10349,1.10842,1.10173,1.10349
2019-09-06,1.10378,1.10569,1.10204,1.10257
2019-09-09,1.1028,1.10681,1.10157,1.10493
2019-09-10,1.10489,1.10596,1.10307,1.1049
2019-09-11,1.10489,1.10556,1.09853,1.10091
2019-09-12,1.10091,1.10858,1.09273,1.10638
2019-09-13,1.10637,1.11096,1.10555,1.10763
2019-09-16,1.10727,1.10864,1.09938,1.10006
2019-09-17,1.10008,1.10746,1.09905,1.10717
2019-09-18,1.10716,1.10755,1.10141,1.1033
2019-09-19,1.10332,1.10734,1.10232,1.1042
2019-09-20,1.10416,1.10677,1.09965,1.10181
2019-09-23,1.10171,1.10255,1.09664,1.0995
2019-09-24,1.0995,1.10242,1.09839,1.10197
2019-09-25,1.10196,1.10205,1.09377,1.09441
2019-09-26,1.0944,1.09672,1.09097,1.09177
2019-09-27,1.09178,1.09588,1.09052,1.09416
2019-09-30,1.09408,1.09476,1.08852,1.08986
2019-10-01,1.08986,1.09429,1.08794,1.09318
2019-10-02,1.09307,1.09636,1.09043,1.09608
2019-10-03,1.09607,1.09991,1.09412,1.09717
2019-10-04,1.09718,1.09926,1.09575,1.09814
2019-10-07,1.09799,1.10003,1.09622,1.09716
2019-10-08,1.09715,1.09956,1.09416,1.0956
2019-10-09,1.09558,1.09899,1.09551,1.09734
2019-10-10,1.09733,1.10338,1.0973,1.10088
2019-10-11,1.10087,1.10628,1.10015,1.10364
2019-10-14,1.10363,1.10426,1.10144,1.1025
2019-10-15,1.10244,1.10456,1.09915,1.10313
2019-10-16,1.10315,1.10856,1.10227,1.10732
2019-10-17,1.10733,1.11397,1.10654,1.1127
2019-10-18,1.11271,1.11662,1.11148,1.11614
2019-10-21,1.11568,1.11788,1.11391,1.11484
2019-10-22,1.11502,1.11585,1.11178,1.11252
2019-10-23,1.1125,1.114,1.11062,1.11322
2019-10-24,1.11321,1.11629,1.10931,1.11053
2019-10-25,1.11054,1.1123,1.10732,1.1081
2019-10-28,1.10821,1.11065,1.10762,1.10982
2019-10-29,1.10982,1.11182,1.10736,1.11121
2019-10-30,1.11124,1.11551,1.10802,1.11531
2019-10-31,1.11531,1.11749,1.11317,1.11517
2019-11-01,1.11518,1.11718,1.11283,1.11657
2019-11-04,1.1165,1.11754,1.1122,1.11222
2019-11-05,1.11231,1.11399,1.10637,1.10749
2019-11-06,1.1075,1.10929,1.10649,1.10685
2019-11-07,1.10676,1.10914,1.10363,1.1049
2019-11-08,1.10491,1.10554,1.10169,1.10218
2019-11-11,1.10205,1.1043,1.10167,1.10316
2019-11-12,1.10317,1.10386,1.10026,1.10115
2019-11-13,1.10117,1.10204,1.09955,1.10081
2019-11-14,1.10077,1.10276,1.09892,1.10221
2019-11-15,1.10217,1.10569,1.10147,1.10542
2019-11-18,1.1052,1.109,1.10513,1.10719
2019-11-19,1.10722,1.1084,1.10628,1.1078
2019-11-20,1.10781,1.10815,1.10529,1.10767
2019-11-21,1.10765,1.10968,1.10529,1.10623
2019-11-22,1.10623,1.10844,1.10147,1.10229
2019-11-25,1.10221,1.10318,1.10041,1.1014
2019-11-26,1.10138,1.10265,1.10075,1.10236
2019-11-27,1.10231,1.10235,1.09925,1.1006
2019-11-28,1.1006,1.10179,1.10005,1.1011
2019-11-29,1.10105,1.1028,1.0981,1.10175
2019-12-02,1.10211,1.10892,1.10031,1.10767
2019-12-03,1.10769,1.10934,1.10662,1.10821
2019-12-04,1.10819,1.11151,1.10668,1.10783
2019-12-05,1.10784,1.1108,1.10784,1.11045
2019-12-06,1.11045,1.11096,1.104,1.106
2019-12-09,1.10579,1.1078,1.10535,1.10654
2019-12-10,1.10654,1.10977,1.10628,1.10934
2019-12-11,1.10933,1.11448,1.10707,1.11332
2019-12-12,1.11319,1.11994,1.11033,1.11838
2019-12-13,1.11788,1.11931,1.11122,1.11168
2019-12-16,1.11293,1.11582,1.11227,1.11392
2019-12-17,1.11379,1.11747,1.11296,1.11532
2019-12-18,1.11531,1.11533,1.11106,1.11162
2019-12-19,1.11162,1.11441,1.11073,1.11239
2019-12-20,1.11238,1.11249,1.10667,1.10757
2019-12-23,1.10781,1.1096,1.107,1.10904
2019-12-24,1.10901,1.10945,1.10693,1.10845
2019-12-26,1.10916,1.1109,1.10825,1.10963
2019-12-27,1.10963,1.1188,1.10963,1.11758
2019-12-30,1.11794,1.12207,1.11794,1.12003
2019-12-31,1.12022,1.12391,1.11989,1.12131
2020-01-02,1.12149,1.12247,1.11638,1.11718
2020-01-03,1.11718,1.11798,1.11252,1.11617
2020-01-06,1.11598,1.12056,1.11573,1.11958
2020-01-07,1.11959,1.11975,1.11337,1.11478
2020-01-08,1.11476,1.11683,1.11035,1.11102
2020-01-09,1.11086,1.11205,1.10935,1.11065
2020-01-10,1.11067,1.11293,1.10853,1.11217
2020-01-13,1.11154,1.11469,1.11128,1.11355
2020-01-14,1.11358,1.11445,1.11048,1.11265
2020-01-15,1.11266,1.11632,1.11187,1.11509
2020-01-16,1.1151,1.11713,1.11286,1.11375
2020-01-17,1.11376,1.11426,1.10864,1.10927
2020-01-20,1.10907,1.11024,1.10766,1.10972
2020-01-21,1.10972,1.11179,1.1081,1.1083
2020-01-22,1.10831,1.10985,1.10702,1.10935
2020-01-23,1.10934,1.11083,1.10365,1.10558
2020-01-24,1.10557,1.10613,1.10203,1.10279
2020-01-27,1.10304,1.10375,1.10099,1.10184
2020-01-28,1.10184,1.1025,1.0998,1.1022
2020-01-29,1.1022,1.10277,1.09926,1.10105
2020-01-30,1.10103,1.10396,1.10076,1.10341
2020-01-31,1.10336,1.10916,1.10171,1.10903
2020-02-03,1.10859,1.10908,1.10369,1.10594
2020-02-04,1.10593,1.10641,1.10332,1.10452
2020-02-05,1.10449,1.10476,1.09937,1.09999
2020-02-06,1.1,1.10137,1.09646,1.0981
2020-02-07,1.09809,1.09855,1.09422,1.09475
2020-02-10,1.09445,1.09576,1.09078,1.09113
2020-02-11,1.09116,1.09244,1.08922,1.09192
2020-02-12,1.09191,1.09256,1.08656,1.08718
2020-02-13,1.08719,1.08889,1.08343,1.08406
2020-02-14,1.08405,1.08612,1.08278,1.08368
2020-02-17,1.08393,1.08509,1.08294,1.08373
2020-02-18,1.0837,1.08385,1.07862,1.07947
2020-02-19,1.07948,1.08118,1.07825,1.08087
2020-02-20,1.08086,1.0821,1.0778,1.07875
2020-02-21,1.07876,1.08636,1.07852,1.08491
2020-02-24,1.083,1.08719,1.0807,1.08519
2020-02-25,1.08521,1.08898,1.08304,1.0881
2020-02-26,1.0881,1.09079,1.08552,1.08826
2020-02-27,1.08828,1.10059,1.08798,1.10027
2020-02-28,1.10028,1.10529,1.09512,1.10399
2020-03-02,1.10532,1.11834,1.10364,1.11394
2020-03-03,1.11395,1.12124,1.10962,1.11706
2020-03-04,1.11707,1.11875,1.10956,1.1133
2020-03-05,1.11336,1.12445,1.11197,1.12304
2020-03-06,1.12333,1.13545,1.12122,1.13073
2020-03-09,1.13876,1.14935,1.13562,1.14389
2020-03-10,1.14387,1.1439,1.12754,1.13091
2020-03-11,1.13088,1.13663,1.12507,1.12589
2020-03-12,1.1259,1.13336,1.1056,1.11768
2020-03-13,1.11768,1.12212,1.10552,1.11074
2020-03-16,1.11589,1.12367,1.10856,1.11684
2020-03-17,1.11684,1.11887,1.09569,1.1016
2020-03-18,1.10162,1.1045,1.08028,1.09331
2020-03-19,1.0934,1.09808,1.0655,1.06649
2020-03-20,1.06649,1.08305,1.06379,1.06992
2020-03-23,1.06593,1.08273,1.06586,1.07464
2020-03-24,1.07461,1.08881,1.07443,1.08122
2020-03-25,1.08122,1.08939,1.07611,1.08815
2020-03-26,1.08815,1.10586,1.08755,1.10372
2020-03-27,1.1035,1.11467,1.09546,1.1141
2020-03-30,1.11218,1.11444,1.10102,1.10474
2020-03-31,1.10474,1.10513,1.09269,1.10301
2020-04-01,1.10302,1.10374,1.0903,1.09458
2020-04-02,1.09477,1.09644,1.08208,1.08557
2020-04-03,1.08557,1.08592,1.07729,1.08108
2020-04-06,1.08124,1.08356,1.07687,1.07943
2020-04-07,1.07943,1.0925,1.07837,1.08909
2020-04-08,1.08909,1.09021,1.08303,1.08565
2020-04-09,1.08568,1.09518,1.08411,1.09289
2020-04-13,1.09427,1.0968,1.08928,1.09082
2020-04-14,1.09081,1.09909,1.09081,1.09813
2020-04-15,1.09816,1.09896,1.08568,1.09088
2020-04-16,1.09088,1.09114,1.08167,1.08614
2020-04-17,1.08614,1.08922,1.08122,1.08681
2020-04-20,1.08741,1.08969,1.08416,1.08697
2020-04-21,1.08693,1.088,1.08168,1.08576
2020-04-22,1.08576,1.08852,1.08033,1.0823
2020-04-23,1.0823,1.08449,1.07562,1.07795
2020-04-24,1.07783,1.08187,1.07273,1.08095
2020-04-27,1.08219,1.08603,1.08114,1.08315
2020-04-28,1.08309,1.08884,1.08099,1.0822
2020-04-29,1.08219,1.08856,1.08204,1.08748
2020-04-30,1.08749,1.09725,1.08332,1.09515
2020-05-01,1.09514,1.10163,1.09347,1.09797
2020-05-04,1.09718,1.0974,1.08959,1.09017
2020-05-05,1.09017,1.09258,1.0826,1.08421
2020-05-06,1.0842,1.08439,1.07822,1.07963
2020-05-07,1.07963,1.08387,1.07667,1.08317
2020-05-08,1.08318,1.08753,1.08153,1.08362
2020-05-11,1.08328,1.08506,1.08012,1.08078
2020-05-12,1.08078,1.08848,1.07846,1.0847
2020-05-13,1.0847,1.0896,1.08118,1.08184
2020-05-14,1.08179,1.08241,1.0775,1.08071
2020-05-15,1.08071,1.08494,1.0789,1.08176
2020-05-18,1.08169,1.09269,1.08003,1.09165
2020-05-19,1.09164,1.0976,1.09023,1.09214
2020-05-20,1.09212,1.09989,1.09191,1.09786
2020-05-21,1.09816,1.10083,1.09379,1.09478
2020-05-22,1.09475,1.0959,1.08857,1.09032
2020-05-25,1.08979,1.09144,1.08709,1.08945
2020-05-26,1.0894,1.09959,1.08926,1.0977
2020-05-27,1.0977,1.103,1.09347,1.1007
2020-05-28,1.10061,1.10934,1.09918,1.1079
2020-05-29,1.10797,1.11449,1.10701,1.1102
2020-06-01,1.11132,1.11537,1.11007,1.11322
2020-06-02,1.11321,1.11958,1.11153,1.11703
2020-06-03,1.1171,1.12578,1.11669,1.12361
2020-06-04,1.12356,1.13616,1.11949,1.13363
2020-06-05,1.13363,1.13838,1.12799,1.12899
2020-06-08,1.12963,1.132,1.12686,1.12913
2020-06-09,1.12912,1.13638,1.1241,1.13383
2020-06-10,1.13367,1.14217,1.13253,1.13759
2020-06-11,1.1376,1.14029,1.12888,1.12933
2020-06-12,1.12934,1.13403,1.12128,1.12552
2020-06-15,1.12425,1.13325,1.12268,1.13255
2020-06-16,1.13255,1.13527,1.12286,1.12622
2020-06-17,1.12622,1.12938,1.12074,1.12433
2020-06-18,1.12428,1.12615,1.11863,1.12049
2020-06-19,1.12046,1.12542,1.11684,1.11865
2020-06-22,1.11835,1.12693,1.11687,1.12633
2020-06-23,1.12628,1.13485,1.12335,1.13089
2020-06-24,1.13082,1.1332,1.12485,1.1255
2020-06-25,1.12547,1.12598,1.11905,1.12163
2020-06-26,1.12153,1.12394,1.11955,1.12284
2020-06-29,1.1222,1.1288,1.12173,1.1241
2020-06-30,1.12408,1.12619,1.11913,1.12323
2020-07-01,1.12322,1.12752,1.11855,1.12505
2020-07-02,1.12509,1.13024,1.1224,1.12398
2020-07-03,1.12393,1.12492,1.12196,1.12448
2020-07-06,1.1245,1.13453,1.12427,1.13107
2020-07-07,1.13106,1.13326,1.12592,1.12741
2020-07-08,1.12748,1.1351,1.12625,1.13328
2020-07-09,1.13321,1.13704,1.12806,1.12842
2020-07-10,1.1284,1.13248,1.1255,1.13002
2020-07-13,1.13042,1.13749,1.13011,1.13462
2020-07-14,1.1346,1.14087,1.13254,1.14024
2020-07-15,1.14027,1.14517,1.13914,1.14126
2020-07-16,1.14124,1.14417,1.13706,1.13809
2020-07-17,1.13809,1.14437,1.13777,1.14373
2020-07-20,1.14189,1.14677,1.14026,1.14439
2020-07-21,1.14438,1.15399,1.14239,1.15327
2020-07-22,1.15328,1.16003,1.15074,1.15726
2020-07-23,1.15735,1.16267,1.15404,1.15958
2020-07-24,1.15958,1.16479,1.15814,1.16421
2020-07-27,1.16448,1.17815,1.16424,1.17505
2020-07-28,1.17512,1.17737,1.16991,1.17211
2020-07-29,1.17204,1.18053,1.17142,1.17928
2020-07-30,1.17928,1.18483,1.17312,1.18424
2020-07-31,1.18435,1.19078,1.17638,1.17823
2020-08-03,1.17766,1.17965,1.16962,1.17606
2020-08-04,1.17624,1.18056,1.1722,1.17972
2020-08-05,1.17972,1.19051,1.17933,1.1866
2020-08-06,1.18659,1.19159,1.18184,1.18767
2020-08-07,1.18767,1.18831,1.17557,1.17868
2020-08-10,1.17864,1.18005,1.17362,1.17394
2020-08-11,1.17394,1.18071,1.17226,1.17434
2020-08-12,1.17417,1.18145,1.17114,1.17844
2020-08-13,1.17842,1.1864,1.17841,1.18147
2020-08-14,1.18147,1.18504,1.17823,1.18373
2020-08-17,1.18439,1.18809,1.18298,1.18743
2020-08-18,1.18724,1.19656,1.18689,1.19322
2020-08-19,1.19328,1.19529,1.18306,1.1843
2020-08-20,1.18417,1.18687,1.18023,1.18609
2020-08-21,1.18611,1.18831,1.17547,1.17952
2020-08-24,1.17954,1.18494,1.17843,1.17901
2020-08-25,1.17902,1.18433,1.17844,1.18342
2020-08-26,1.1834,1.18394,1.17725,1.18305
2020-08-27,1.18311,1.19004,1.17641,1.18202
2020-08-28,1.18202,1.19198,1.18112,1.18985
2020-08-31,1.19086,1.1966,1.18849,1.19393
2020-09-01,1.19389,1.20101,1.19017,1.19166
2020-09-02,1.19166,1.19288,1.18227,1.18553
2020-09-03,1.18551,1.18647,1.17891,1.18509
2020-09-04,1.18509,1.18654,1.17812,1.18423
2020-09-07,1.18404,1.18487,1.1812,1.18154
2020-09-08,1.18161,1.18275,1.17658,1.17738
2020-09-09,1.17739,1.1832,1.17533,1.18033
2020-09-10,1.18037,1.19165,1.18007,1.18214
2020-09-11,1.18215,1.18738,1.18195,1.18408
2020-09-14,1.18373,1.18878,1.18323,1.18666
2020-09-15,1.18669,1.19,1.184,1.18486
2020-09-16,1.18485,1.18822,1.17885,1.18143
2020-09-17,1.18145,1.18525,1.17383,1.18447
2020-09-18,1.18447,1.18702,1.1827,1.18488
2020-09-21,1.18462,1.18716,1.17319,1.17699
2020-09-22,1.17686,1.17716,1.16925,1.1707
2020-09-23,1.17075,1.17189,1.16516,1.16612
2020-09-24,1.16611,1.1687,1.16267,1.16719
2020-09-25,1.16716,1.1685,1.16127,1.16262
2020-09-28,1.16268,1.168,1.16153,1.16645
2020-09-29,1.16647,1.17457,1.16632,1.17407
2020-09-30,1.17408,1.17549,1.16852,1.1724
2020-10-01,1.17239,1.17695,1.17173,1.17462
2020-10-02,1.17461,1.17478,1.16959,1.17124
2020-10-05,1.1713,1.17973,1.1709,1.17805
2020-10-06,1.17817,1.18078,1.17314,1.17328
2020-10-07,1.1733,1.17819,1.17252,1.17657
2020-10-08,1.17658,1.17817,1.17334,1.17594
2020-10-09,1.17593,1.1828,1.17577,1.18237
2020-10-12,1.18139,1.18269,1.17869,1.18143
2020-10-13,1.18134,1.18154,1.17313,1.17451
2020-10-14,1.17444,1.17707,1.17203,1.17486
2020-10-15,1.17487,1.17578,1.16889,1.17102
2020-10-16,1.17103,1.17458,1.16942,1.17177
2020-10-19,1.17202,1.17936,1.17034,1.17677
2020-10-20,1.17676,1.18405,1.176,1.1824
2020-10-21,1.18239,1.18805,1.18225,1.18598
2020-10-22,1.18598,1.18668,1.18123,1.1821
2020-10-23,1.18209,1.18629,1.17871,1.18625
2020-10-26,1.18419,1.18506,1.18033,1.18071
2020-10-27,1.18073,1.18386,1.177,1.17802
2020-10-28,1.17802,1.17877,1.1718,1.17485
2020-10-29,1.17486,1.17584,1.16504,1.16698
2020-10-30,1.16693,1.17043,1.16403,1.16466
2020-11-02,1.16444,1.16557,1.16228,1.16404
2020-11-03,1.16402,1.17397,1.16374,1.17283
2020-11-04,1.17282,1.17699,1.16046,1.17213
2020-11-05,1.1722,1.1859,1.17109,1.18232
2020-11-06,1.18221,1.1891,1.17957,1.18797
2020-11-09,1.18892,1.19199,1.17959,1.18171
2020-11-10,1.18171,1.18435,1.17801,1.18188
2020-11-11,1.18193,1.18327,1.17458,1.17778
2020-11-12,1.17779,1.18227,1.17588,1.18069
2020-11-13,1.18069,1.18353,1.17993,1.18338
2020-11-16,1.18374,1.18685,1.18145,1.1856
2020-11-17,1.1856,1.18938,1.18437,1.18632
2020-11-18,1.18628,1.18908,1.18494,1.18517
2020-11-19,1.18528,1.18825,1.18167,1.18705
2020-11-20,1.18706,1.18904,1.18502,1.1859
2020-11-23,1.18585,1.19059,1.18012,1.18395
2020-11-24,1.18391,1.18956,1.18385,1.18922
2020-11-25,1.18924,1.19296,1.1882,1.19154
2020-11-26,1.19149,1.19407,1.18856,1.19104
2020-11-27,1.19104,1.19629,1.19096,1.19607
2020-11-30,1.19656,1.20031,1.19241,1.19308
2020-12-01,1.19304,1.20767,1.19299,1.20722
2020-12-02,1.20723,1.21185,1.20403,1.21128
2020-12-03,1.21128,1.21746,1.21012,1.21448
2020-12-04,1.21444,1.21774,1.21129,1.21268
2020-12-07,1.21277,1.2166,1.20787,1.21104
2020-12-08,1.21104,1.21338,1.20963,1.21061
2020-12-09,1.21062,1.21472,1.20592,1.20807
2020-12-10,1.20806,1.21589,1.20758,1.21416
2020-12-11,1.21413,1.21628,1.21058,1.21158
2020-12-14,1.21338,1.21765,1.21159,1.21457
2020-12-15,1.21457,1.21686,1.21228,1.21514
2020-12-16,1.2152,1.22118,1.21259,1.21978
2020-12-17,1.21978,1.22728,1.21908,1.22671
2020-12-18,1.2267,1.22688,1.22257,1.22452
2020-12-21,1.22306,1.22526,1.21301,1.22386
2020-12-22,1.22403,1.22565,1.21523,1.21643
2020-12-23,1.21641,1.22206,1.21539,1.21904
2020-12-24,1.21905,1.22158,1.21774,1.21807
2020-12-28,1.219,1.22502,1.21815,1.22092
2020-12-29,1.22093,1.22751,1.22093,1.22534
2020-12-30,1.22534,1.231,1.22515,1.22974
2020-12-31,1.22989,1.23093,1.22096,1.2216
2021-01-04,1.2242,1.23086,1.22313,1.22506
2021-01-05,1.22504,1.23054,1.22473,1.22968
2021-01-06,1.22973,1.23492,1.22658,1.2328
2021-01-07,1.23286,1.23444,1.22453,1.22661
2021-01-08,1.22681,1.22839,1.21933,1.22238
2021-01-11,1.2218,1.2218,1.21324,1.21526
2021-01-12,1.21527,1.22097,1.21373,1.22055
2021-01-13,1.22055,1.22229,1.21404,1.2157
2021-01-14,1.21564,1.21785,1.21115,1.21519
2021-01-15,1.21522,1.21626,1.20768,1.20778
2021-01-18,1.20771,1.20864,1.20537,1.20782
2021-01-19,1.20773,1.2145,1.20742,1.21283
2021-01-20,1.21284,1.21582,1.2077,1.211
2021-01-21,1.21102,1.2172,1.21094,1.21678
2021-01-22,1.21679,1.21896,1.21517,1.21663
2021-01-25,1.21678,1.21832,1.21163,1.21436
2021-01-26,1.2143,1.21759,1.21081,1.2162
2021-01-27,1.21607,1.21698,1.20591,1.21089
2021-01-28,1.21089,1.21417,1.20809,1.2122
2021-01-29,1.21222,1.21559,1.20947,1.2136
2021-02-01,1.2129,1.21366,1.20563,1.20619
2021-02-02,1.2062,1.20878,1.20117,1.20439
2021-02-03,1.2044,1.205,1.20043,1.20338
2021-02-04,1.20341,1.20427,1.19579,1.19648
2021-02-05,1.19646,1.20496,1.19523,1.20487
2021-02-08,1.20471,1.20659,1.20199,1.2052
2021-02-09,1.2052,1.21213,1.20478,1.21197
2021-02-10,1.21192,1.2144,1.2109,1.2119
2021-02-11,1.21191,1.21492,1.21137,1.21328
2021-02-12,1.21326,1.21333,1.20819,1.21179
2021-02-15,1.21242,1.21451,1.21169,1.21276
2021-02-16,1.21276,1.21694,1.20951,1.21028
2021-02-17,1.21028,1.21043,1.20234,1.2045
2021-02-18,1.2045,1.20947,1.2036,1.20908
2021-02-19,1.20908,1.21445,1.20824,1.21163
2021-02-22,1.21223,1.21694,1.20914,1.21605
2021-02-23,1.21604,1.21788,1.21357,1.21489
2021-02-24,1.21491,1.21746,1.21096,1.21663
2021-02-25,1.21654,1.22428,1.21562,1.21828
2021-02-26,1.21827,1.21828,1.20657,1.20657
2021-03-01,1.20762,1.2101,1.20278,1.20504
2021-03-02,1.20503,1.20945,1.19923,1.20843
2021-03-03,1.20843,1.21128,1.20431,1.20634
2021-03-04,1.20636,1.20666,1.1962,1.19751
2021-03-05,1.19751,1.19752,1.18937,1.19156
2021-03-08,1.19199,1.19323,1.18442,1.18489
2021-03-09,1.18474,1.19157,1.18359,1.19022
2021-03-10,1.19023,1.19298,1.1869,1.19262
2021-03-11,1.19267,1.19899,1.19162,1.19833
2021-03-12,1.19835,1.19885,1.19101,1.19611
2021-03-15,1.19483,1.19674,1.19113,1.19247
2021-03-16,1.19247,1.19518,1.18826,1.19019
2021-03-17,1.19019,1.19875,1.18863,1.19786
2021-03-18,1.19784,1.19888,1.19066,1.19172
2021-03-19,1.19172,1.19371,1.18741,1.19048
2021-03-22,1.18847,1.19468,1.18748,1.19338
2021-03-23,1.19338,1.19409,1.18423,1.18474
2021-03-24,1.18473,1.18507,1.18093,1.18118
2021-03-25,1.18118,1.18278,1.1762,1.17738
2021-03-26,1.17735,1.18047,1.17713,1.17929
2021-03-29,1.17929,1.17939,1.17608,1.17656
2021-03-30,1.17665,1.17738,1.17124,1.17177
2021-03-31,1.17177,1.17597,1.17042,1.17279
2021-04-01,1.1728,1.17799,1.1714,1.17756
2021-04-05,1.17561,1.18196,1.17381,1.18135
2021-04-06,1.18135,1.18777,1.17955,1.18722
2021-04-07,1.18723,1.19145,1.1861,1.18697
2021-04-08,1.18698,1.19274,1.1861,1.19153
2021-04-09,1.19155,1.19203,1.18674,1.19031
2021-04-12,1.18974,1.1919,1.18715,1.19126
2021-04-13,1.19125,1.19557,1.18802,1.195
2021-04-14,1.195,1.19872,1.19489,1.19789
2021-04-15,1.19792,1.19933,1.19564,1.19674
2021-04-16,1.19677,1.19946,1.19505,1.19809
2021-04-19,1.19758,1.20479,1.19428,1.20374
2021-04-20,1.20374,1.20799,1.20226,1.20351
2021-04-21,1.2035,1.20438,1.19987,1.20361
2021-04-22,1.20359,1.20694,1.19938,1.20169
2021-04-23,1.20168,1.20998,1.20129,1.20996
2021-04-26,1.2095,1.21168,1.20617,1.20866
2021-04-27,1.20869,1.20932,1.20569,1.20891
2021-04-28,1.20895,1.21344,1.20563,1.21255
2021-04-29,1.21255,1.21499,1.21025,1.21229
2021-04-30,1.21229,1.21265,1.20168,1.20234
2021-05-03,1.20289,1.20762,1.20133,1.20644
2021-05-04,1.20642,1.20642,1.19993,1.20116
2021-05-05,1.20116,1.20266,1.19864,1.20069
2021-05-06,1.20069,1.20717,1.19937,1.20634
2021-05-07,1.20637,1.21715,1.2053,1.21664
2021-05-10,1.21686,1.21769,1.2128,1.21313
2021-05-11,1.21314,1.21811,1.21231,1.21498
2021-05-12,1.21497,1.21516,1.20657,1.20713
2021-05-13,1.20713,1.21062,1.20516,1.20821
2021-05-14,1.20821,1.21477,1.20712,1.2143
2021-05-17,1.21418,1.21688,1.21262,1.21529
2021-05-18,1.2153,1.22334,1.21525,1.22247
2021-05-19,1.22245,1.2245,1.21602,1.21765
2021-05-20,1.21765,1.22297,1.21692,1.22296
2021-05-21,1.22295,1.22398,1.21612,1.21868
2021-05-24,1.21801,1.22298,1.2173,1.22168
2021-05-25,1.22163,1.22665,1.22117,1.225
2021-05-26,1.225,1.22629,1.21822,1.21944
2021-05-27,1.21945,1.2215,1.21753,1.21949
2021-05-28,1.21945,1.22049,1.21331,1.21947
2021-05-31,1.21969,1.22313,1.21838,1.22271
2021-06-01,1.22264,1.22542,1.22118,1.22143
2021-06-02,1.22143,1.22266,1.21641,1.22119
2021-06-03,1.22119,1.22142,1.21184,1.21273
2021-06-04,1.21272,1.21849,1.21041,1.21688
2021-06-07,1.21656,1.22019,1.21452,1.21918
2021-06-08,1.21916,1.21942,1.21645,1.21731
2021-06-09,1.2173,1.22178,1.21713,1.21789
2021-06-10,1.21787,1.21939,1.21438,1.21741
2021-06-11,1.21741,1.2193,1.20926,1.21091
2021-06-14,1.21088,1.21303,1.20947,1.21201
2021-06-15,1.21201,1.21473,1.21017,1.21292
2021-06-16,1.21292,1.21348,1.19917,1.19938
2021-06-17,1.19935,1.20064,1.18923,1.19063
2021-06-18,1.19074,1.19251,1.18478,1.18682
2021-06-21,1.18659,1.19213,1.18479,1.19189
2021-06-22,1.19189,1.19526,1.1881,1.19399
2021-06-23,1.19404,1.197,1.19119,1.19279
2021-06-24,1.19277,1.19564,1.19179,1.19308
2021-06-25,1.19321,1.19752,1.19264,1.19414
2021-06-28,1.19369,1.19445,1.19028,1.19271
2021-06-29,1.19262,1.19297,1.1878,1.19018
2021-06-30,1.18988,1.1909,1.18454,1.1859
2021-07-01,1.1859,1.18843,1.18376,1.18497
2021-07-02,1.18496,1.18741,1.18083,1.18657
2021-07-05,1.18686,1.18807,1.18515,1.18621
2021-07-06,1.18624,1.1895,1.18077,1.18219
2021-07-07,1.18219,1.18354,1.17819,1.17939
2021-07-08,1.17936,1.18678,1.17837,1.18449
2021-07-09,1.18456,1.188,1.18252,1.18795
2021-07-12,1.18763,1.18799,1.18363,1.1862
2021-07-13,1.1862,1.18752,1.17723,1.1778
2021-07-14,1.1778,1.18388,1.17721,1.18368
2021-07-15,1.18369,1.18505,1.17964,1.18129
2021-07-16,1.18124,1.18222,1.17923,1.18043
2021-07-19,1.18087,1.18246,1.1764,1.17973
2021-07-20,1.17972,1.18026,1.17557,1.17817
2021-07-21,1.17817,1.18048,1.17521,1.17967
2021-07-22,1.17967,1.18301,1.17575,1.17721
2021-07-23,1.17714,1.17865,1.17548,1.1771
2021-07-26,1.17746,1.18168,1.17635,1.18027
2021-07-27,1.18029,1.1841,1.17702,1.18183
2021-07-28,1.18182,1.18496,1.17729,1.18452
2021-07-29,1.18445,1.18928,1.18412,1.18886
2021-07-30,1.18886,1.19085,1.18518,1.18611
2021-08-02,1.18657,1.18969,1.18595,1.18725
2021-08-03,1.18718,1.18933,1.18538,1.18634
2021-08-04,1.18634,1.18996,1.18332,1.18364
2021-08-05,1.18367,1.18574,1.18286,1.18345
2021-08-06,1.18345,1.18356,1.17544,1.17586
2021-08-09,1.17595,1.1769,1.17294,1.17384
2021-08-10,1.17388,1.17429,1.17101,1.17205
2021-08-11,1.17206,1.17532,1.17061,1.17409
2021-08-12,1.1741,1.17483,1.17239,1.17314
2021-08-13,1.17314,1.18047,1.17304,1.17973
2021-08-16,1.17971,1.18011,1.17677,1.17774
2021-08-17,1.17776,1.17844,1.17082,1.17111
2021-08-18,1.17113,1.17426,1.16938,1.171
2021-08-19,1.17101,1.17156,1.16658,1.1678
2021-08-20,1.16777,1.17045,1.16642,1.17021
2021-08-23,1.16968,1.17504,1.16931,1.17462
2021-08-24,1.17464,1.1765,1.17272,1.17564
2021-08-25,1.17564,1.17745,1.17263,1.17709
2021-08-26,1.17717,1.17789,1.17463,1.17544
2021-08-27,1.17554,1.18019,1.17352,1.17964
2021-08-30,1.17963,1.18099,1.17826,1.17982
2021-08-31,1.17984,1.1845,1.17954,1.18094
2021-09-01,1.18093,1.18568,1.17938,1.18399
2021-09-02,1.18399,1.18761,1.18345,1.18757
2021-09-03,1.18749,1.19087,1.18662,1.18803
2021-09-06,1.18792,1.18865,1.18559,1.1871
2021-09-07,1.18711,1.18852,1.18375,1.18441
2021-09-08,1.18454,1.18512,1.18022,1.18176
2021-09-09,1.18185,1.18413,1.18052,1.18256
2021-09-10,1.18256,1.18512,1.1812,1.18126
2021-09-13,1.18155,1.18173,1.17705,1.18112
2021-09-14,1.18111,1.18456,1.18001,1.1806
2021-09-15,1.18061,1.18321,1.17994,1.18161
2021-09-16,1.18161,1.18208,1.17508,1.17685
2021-09-17,1.17684,1.17888,1.17248,1.17305
2021-09-20,1.1729,1.17364,1.17002,1.17268
2021-09-21,1.17275,1.17486,1.17149,1.17259
2021-09-22,1.17258,1.17553,1.16847,1.16933
2021-09-23,1.16934,1.175,1.16835,1.17394
2021-09-24,1.1739,1.17477,1.17011,1.17168
2021-09-27,1.17206,1.17252,1.16853,1.16986
2021-09-28,1.16978,1.17033,1.16688,1.16846
2021-09-29,1.16847,1.16902,1.15894,1.15975
2021-09-30,1.15976,1.16095,1.15625,1.15822
2021-10-01,1.15822,1.16075,1.15631,1.15983
2021-10-04,1.15958,1.16398,1.15878,1.16196
2021-10-05,1.16208,1.16235,1.1581,1.15968
2021-10-06,1.15967,1.16007,1.15296,1.15549
2021-10-07,1.1555,1.15719,1.15482,1.15566
2021-10-08,1.15561,1.15852,1.15419,1.15713
2021-10-11,1.15721,1.15868,1.15495,1.15545
2021-10-12,1.15544,1.15704,1.15247,1.1531
2021-10-13,1.15299,1.15987,1.15295,1.15984
2021-10-14,1.15985,1.16244,1.15841,1.15985
2021-10-15,1.1599,1.16189,1.15884,1.16032
2021-10-18,1.1601,1.16225,1.15719,1.16106
2021-10-19,1.16112,1.16693,1.16086,1.16314
2021-10-20,1.16319,1.16583,1.16171,1.16493
2021-10-21,1.16491,1.16675,1.16203,1.16257
2021-10-22,1.16255,1.16548,1.16217,1.16432
2021-10-25,1.16382,1.1665,1.15909,1.16117
2021-10-26,1.16117,1.16257,1.15851,1.15932
2021-10-27,1.15933,1.16258,1.15851,1.16026
2021-10-28,1.16024,1.16921,1.15825,1.16821
2021-10-29,1.1682,1.16901,1.15354,1.15596
2021-11-01,1.15615,1.16091,1.15462,1.16021
2021-11-02,1.16021,1.16134,1.15755,1.15791
2021-11-03,1.15793,1.16162,1.15626,1.16116
2021-11-04,1.16111,1.16165,1.15288,1.15531
2021-11-05,1.15531,1.15732,1.15136,1.15672
2021-11-08,1.15634,1.15949,1.15511,1.15857
2021-11-09,1.15856,1.16081,1.15703,1.15924
2021-11-10,1.15937,1.15953,1.14763,1.14797
2021-11-11,1.14795,1.14878,1.14432,1.14492
2021-11-12,1.14492,1.14618,1.14336,1.14464
2021-11-15,1.14434,1.14639,1.13569,1.13663
2021-11-16,1.13675,1.13859,1.13098,1.13217
2021-11-17,1.13218,1.13322,1.12646,1.1318
2021-11-18,1.13199,1.13743,1.13142,1.13717
2021-11-19,1.13717,1.13744,1.12502,1.12884
2021-11-22,1.12836,1.12905,1.1231,1.12379
2021-11-23,1.12373,1.12748,1.12263,1.12492
2021-11-24,1.12492,1.12549,1.11865,1.12009
2021-11-25,1.12008,1.12298,1.12006,1.1208
2021-11-26,1.12079,1.13243,1.12064,1.1324
2021-11-29,1.13,1.13014,1.12587,1.12896
2021-11-30,1.129,1.13828,1.12362,1.13386
2021-12-01,1.13386,1.13591,1.13027,1.13182
2021-12-02,1.13178,1.13475,1.12955,1.13012
2021-12-03,1.13012,1.13332,1.12669,1.13093
2021-12-06,1.13098,1.13132,1.12668,1.12828
2021-12-07,1.12835,1.12984,1.12282,1.12686
2021-12-08,1.1269,1.13548,1.12677,1.1342
2021-12-09,1.13419,1.13455,1.12785,1.1293
2021-12-10,1.1293,1.13241,1.12653,1.13172
2021-12-13,1.13118,1.13194,1.12603,1.1283
2021-12-14,1.12828,1.13238,1.12539,1.12573
2021-12-15,1.12572,1.12986,1.12221,1.12941
2021-12-16,1.1294,1.13602,1.12814,1.1331
2021-12-17,1.13311,1.13489,1.12369,1.12369
2021-12-20,1.12372,1.13036,1.12347,1.12793
2021-12-21,1.12784,1.13026,1.12611,1.12811
2021-12-22,1.12808,1.13422,1.12644,1.13242
2021-12-23,1.13249,1.13421,1.12906,1.13289
2021-12-24,1.13289,1.13439,1.13067,1.13139
2021-12-27,1.13187,1.13341,1.13031,1.13269
2021-12-28,1.13271,1.13332,1.12898,1.1307
2021-12-29,1.13068,1.13688,1.12738,1.13483
2021-12-30,1.13467,1.13598,1.12989,1.13239
2021-12-31,1.13232,1.13863,1.13033,1.13761
2022-01-03,1.13751,1.13788,1.12799,1.12959
2022-01-04,1.12957,1.13221,1.12725,1.12853
2022-01-05,1.12848,1.13464,1.12772,1.13104
2022-01-06,1.13103,1.13319,1.12849,1.12967
2022-01-07,1.12967,1.13649,1.12907,1.13613
2022-01-10,1.1358,1.13613,1.12856,1.13271
2022-01-11,1.13276,1.13749,1.13133,1.13688
2022-01-12,1.13689,1.14528,1.13548,1.14411
2022-01-13,1.1441,1.14813,1.1436,1.1457
2022-01-14,1.1457,1.14828,1.13987,1.14148
2022-01-17,1.14165,1.14345,1.1392,1.14082
2022-01-18,1.14082,1.14213,1.13148,1.13278
2022-01-19,1.13279,1.13572,1.1319,1.13424
2022-01-20,1.13422,1.13688,1.13033,1.13125
2022-01-21,1.13125,1.13591,1.13012,1.13416
2022-01-24,1.13418,1.13451,1.12907,1.13263
2022-01-25,1.13262,1.13293,1.12636,1.13027
2022-01-26,1.13033,1.13107,1.12358,1.12412
2022-01-27,1.12412,1.12434,1.11318,1.11455
2022-01-28,1.11455,1.11734,1.11218,1.11501
2022-01-31,1.11457,1.12476,1.11389,1.12318
2022-02-01,1.12317,1.12788,1.12214,1.12711
2022-02-02,1.12709,1.13297,1.12669,1.1304
2022-02-03,1.13039,1.14514,1.12685,1.14396
2022-02-04,1.14401,1.14837,1.14118,1.14551
2022-02-07,1.14568,1.14589,1.14157,1.14418
2022-02-08,1.14407,1.14486,1.13966,1.14176
2022-02-09,1.14178,1.14478,1.14029,1.14215
2022-02-10,1.14215,1.14948,1.1375,1.1428
2022-02-11,1.14279,1.1428,1.13301,1.13421
2022-02-14,1.13435,1.1369,1.12805,1.13048
2022-02-15,1.13051,1.13683,1.13035,1.13577
2022-02-16,1.13579,1.13959,1.13452,1.13756
2022-02-17,1.13759,1.13859,1.13238,1.1362
2022-02-18,1.13613,1.13769,1.13149,1.1325
2022-02-21,1.13206,1.13863,1.1307,1.13076
2022-02-22,1.13075,1.13667,1.12885,1.13267
2022-02-23,1.13265,1.13589,1.13013,1.13045
2022-02-24,1.13046,1.13089,1.11068,1.11967
2022-02-25,1.1196,1.12706,1.11665,1.12659
2022-02-28,1.11521,1.12459,1.11424,1.12205
2022-03-01,1.12203,1.12329,1.109,1.11195
2022-03-02,1.11198,1.11429,1.10576,1.11195
2022-03-03,1.11195,1.11217,1.10338,1.10662
2022-03-04,1.10661,1.1068,1.08879,1.09349
2022-03-07,1.09263,1.09302,1.08066,1.08542
2022-03-08,1.08531,1.09584,1.08494,1.09016
2022-03-09,1.09012,1.10949,1.08902,1.10693
2022-03-10,1.10692,1.11204,1.09765,1.09881
2022-03-11,1.09879,1.10422,1.09024,1.09104
2022-03-14,1.09281,1.09939,1.09009,1.09348
2022-03-15,1.09362,1.10192,1.09263,1.09649
2022-03-16,1.09649,1.10469,1.0951,1.10183
2022-03-17,1.10187,1.11374,1.10164,1.10938
2022-03-18,1.10938,1.1118,1.10036,1.10498
2022-03-21,1.10448,1.10699,1.10104,1.10208
2022-03-22,1.10208,1.10457,1.09611,1.10321
2022-03-23,1.1031,1.10398,1.09642,1.10023
2022-03-24,1.10032,1.10139,1.09664,1.10056
2022-03-25,1.10061,1.10378,1.09812,1.09835
2022-03-28,1.09848,1.09996,1.0945,1.09869
2022-03-29,1.09873,1.11369,1.09695,1.10879
2022-03-30,1.10877,1.1171,1.10873,1.11585
2022-03-31,1.11584,1.11849,1.10611,1.10673
2022-04-01,1.10672,1.10761,1.10281,1.10477
2022-04-04,1.10394,1.10545,1.09609,1.09735
2022-04-05,1.09736,1.09882,1.09003,1.09063
2022-04-06,1.09068,1.09379,1.08743,1.08979
2022-04-07,1.08979,1.09384,1.08655,1.08794
2022-04-08,1.08793,1.08919,1.08366,1.08777
2022-04-11,1.09095,1.09333,1.08731,1.08841
2022-04-12,1.08849,1.09037,1.08216,1.08284
2022-04-13,1.08274,1.08939,1.08092,1.089
2022-04-14,1.08905,1.09233,1.07578,1.08288
2022-04-18,1.08079,1.08215,1.07702,1.07777
2022-04-19,1.07781,1.08144,1.07613,1.079
2022-04-20,1.07898,1.08669,1.07843,1.08499
2022-04-21,1.08535,1.09363,1.08241,1.08366
2022-04-22,1.08357,1.08515,1.07709,1.0793
2022-04-25,1.0807,1.08145,1.06972,1.07135
2022-04-26,1.07131,1.07387,1.06355,1.06395
2022-04-27,1.06402,1.06545,1.05149,1.05555
2022-04-28,1.05573,1.05648,1.04715,1.05
2022-04-29,1.04993,1.05931,1.04915,1.05488
2022-05-02,1.05479,1.05675,1.04907,1.05077
2022-05-03,1.05082,1.05778,1.04925,1.05255
2022-05-04,1.05252,1.06311,1.05066,1.06248
2022-05-05,1.06246,1.06414,1.04932,1.05416
2022-05-06,1.05403,1.05988,1.04829,1.0548
2022-05-09,1.05399,1.05926,1.04956,1.05587
2022-05-10,1.05585,1.05854,1.05257,1.05299
2022-05-11,1.05302,1.0577,1.05037,1.05154
2022-05-12,1.05149,1.05295,1.03547,1.03808
2022-05-13,1.03808,1.04196,1.03506,1.04017
2022-05-16,1.0398,1.04431,1.03896,1.04366
2022-05-17,1.04349,1.05553,1.04291,1.05499
2022-05-18,1.05502,1.05635,1.04605,1.0463
2022-05-19,1.04631,1.06072,1.04631,1.05837
2022-05-20,1.0584,1.05986,1.05331,1.05573
2022-05-23,1.05595,1.06976,1.05595,1.06897
2022-05-24,1.06902,1.07484,1.06613,1.07332
2022-05-25,1.07324,1.07391,1.06425,1.06812
2022-05-26,1.06801,1.07325,1.06627,1.07317
2022-05-27,1.07311,1.07652,1.06979,1.07336
2022-05-30,1.07333,1.07871,1.07265,1.07775
2022-05-31,1.07777,1.07795,1.06792,1.07331
2022-06-01,1.07332,1.0739,1.06273,1.06527
2022-06-02,1.06527,1.07503,1.06454,1.07479
2022-06-03,1.07481,1.07641,1.07051,1.07207
2022-06-06,1.07212,1.07519,1.06844,1.06949
2022-06-07,1.06943,1.07145,1.06528,1.07059
2022-06-08,1.07054,1.07484,1.06717,1.07172
2022-06-09,1.07171,1.07736,1.06113,1.06187
2022-06-10,1.06189,1.06423,1.05061,1.05188
2022-06-13,1.05146,1.05201,1.04004,1.04091
2022-06-14,1.04088,1.04834,1.03974,1.04157
2022-06-15,1.04157,1.05079,1.03593,1.04468
2022-06-16,1.04472,1.06015,1.03812,1.0556
2022-06-17,1.05551,1.056,1.04451,1.04939
2022-06-20,1.04891,1.05459,1.04747,1.05124
2022-06-21,1.05118,1.05827,1.05096,1.05356
2022-06-22,1.05361,1.06051,1.04698,1.05649
2022-06-23,1.05651,1.05811,1.04831,1.05224
2022-06-24,1.0524,1.05711,1.05125,1.0559
2022-06-27,1.05544,1.06149,1.05503,1.0585
2022-06-28,1.0585,1.06062,1.05037,1.05221
2022-06-29,1.05222,1.05357,1.04354,1.04417
2022-06-30,1.04413,1.04884,1.03829,1.04807
2022-07-01,1.04826,1.04826,1.03671,1.04291
2022-07-04,1.04222,1.04629,1.04176,1.04216
2022-07-05,1.04219,1.04489,1.02355,1.02655
2022-07-06,1.02669,1.0275,1.01621,1.01839
2022-07-07,1.01832,1.02213,1.01445,1.01625
2022-07-08,1.01631,1.01913,1.00736,1.01782
2022-07-11,1.0176,1.01839,1.0034,1.00381
2022-07-12,1.00388,1.00738,1.00003,1.00355
2022-07-13,1.00365,1.01204,0.99991,1.00568
2022-07-14,1.00569,1.00593,0.99527,1.00189
2022-07-15,1.00203,1.00979,1.00073,1.00824
2022-07-18,1.00833,1.02009,1.00792,1.01459
2022-07-19,1.01452,1.02686,1.01203,1.02283
2022-07-20,1.02283,1.02721,1.01558,1.01796
2022-07-21,1.01801,1.02778,1.01547,1.0228
2022-07-22,1.02281,1.02547,1.01312,1.02115
2022-07-25,1.02177,1.0258,1.01811,1.02212
2022-07-26,1.02212,1.025,1.01079,1.01191
2022-07-27,1.01192,1.02204,1.00969,1.02011
2022-07-28,1.0201,1.02344,1.01149,1.01955
2022-07-29,1.01958,1.02539,1.01473,1.02209
2022-08-01,1.02205,1.02752,1.02059,1.02589
2022-08-02,1.02598,1.02936,1.01636,1.01645
2022-08-03,1.01644,1.02094,1.01228,1.01697
2022-08-04,1.01707,1.02538,1.01554,1.0246
2022-08-05,1.02467,1.02523,1.01419,1.01784
2022-08-08,1.01746,1.0222,1.01594,1.01942
2022-08-09,1.0194,1.0247,1.01892,1.02136
2022-08-10,1.02132,1.03679,1.02025,1.03
2022-08-11,1.03005,1.03644,1.02759,1.03233
2022-08-12,1.03233,1.03276,1.0239,1.02605
2022-08-15,1.02601,1.02682,1.01548,1.01617
2022-08-16,1.01611,1.01948,1.0123,1.01683
2022-08-17,1.01701,1.0203,1.01459,1.01773
2022-08-18,1.0177,1.01931,1.0081,1.00876
2022-08-19,1.0089,1.00954,1.00322,1.00405
2022-08-22,1.00379,1.00465,0.99263,0.99441
2022-08-23,0.99441,1.00178,0.99009,0.99699
2022-08-24,0.99698,0.99983,0.99105,0.99685
2022-08-25,0.9968,1.00337,0.99492,0.99766
2022-08-26,0.99765,1.00884,0.9947,0.99657
2022-08-29,0.99589,1.00289,0.99143,0.99993
2022-08-30,0.99981,1.00532,0.99823,1.00172
2022-08-31,1.00168,1.00787,0.99715,1.0051
2022-09-01,1.00532,1.00546,0.99117,0.99459
2022-09-02,0.99455,1.00336,0.99433,0.99535
2022-09-05,0.99217,0.99442,0.98784,0.9931
2022-09-06,0.99306,0.9986,0.98643,0.99042
2022-09-07,0.99044,1.00115,0.9876,1.0008
2022-09-08,1.00086,1.003,0.99311,0.99976
2022-09-09,0.99972,1.0113,0.99972,1.00456
2022-09-12,1.00884,1.01979,1.00602,1.01204
2022-09-13,1.01196,1.01869,0.99644,0.99665
2022-09-14,0.99676,1.00235,0.99559,0.99808
2022-09-15,0.99806,1.00179,0.99566,0.99964
2022-09-16,0.99966,1.00362,0.99455,1.00131
2022-09-19,1.00154,1.00295,0.99665,1.00273
2022-09-20,1.0027,1.00506,0.99554,0.99706
2022-09-21,0.99712,0.99754,0.98152,0.98409
2022-09-22,0.98407,0.99071,0.9809,0.98372
2022-09-23,0.98372,0.98518,0.96685,0.96917
2022-09-26,0.96745,0.97097,0.9556,0.96096
2022-09-27,0.96094,0.9669,0.95693,0.95957
2022-09-28,0.9596,0.9751,0.95362,0.97345
2022-09-29,0.97352,0.98248,0.96366,0.98184
2022-09-30,0.98184,0.9853,0.97354,0.98004
2022-10-03,0.9797,0.98448,0.97531,0.98231
2022-10-04,0.98234,0.99995,0.98064,0.99843
2022-10-05,0.99843,0.99949,0.98357,0.98849
2022-10-06,0.98856,0.99265,0.97879,0.97945
2022-10-07,0.97941,0.98168,0.97271,0.9738
2022-10-10,0.97376,0.97529,0.96819,0.97032
2022-10-11,0.97035,0.97742,0.96727,0.9705
2022-10-12,0.97046,0.97349,0.96681,0.97058
2022-10-13,0.97058,0.98061,0.96336,0.97764
2022-10-14,0.97763,0.98081,0.97094,0.97267
2022-10-17,0.97235,0.9852,0.97225,0.98409
2022-10-18,0.98415,0.98759,0.98137,0.98625
2022-10-19,0.98627,0.98722,0.97576,0.97735
2022-10-20,0.97742,0.98455,0.97552,0.97858
2022-10-21,0.9786,0.9869,0.97052,0.98616
2022-10-24,0.98857,0.98992,0.98073,0.98719
2022-10-25,0.98728,0.99768,0.9849,0.99668
2022-10-26,0.99667,1.00887,0.99441,1.00814
2022-10-27,1.00818,1.0094,0.99579,0.99671
2022-10-28,0.99669,0.99982,0.99277,0.99661
2022-10-31,0.99577,0.99659,0.98732,0.98849
2022-11-01,0.988474,0.995153,0.985328,0.987449
2022-11-02,0.98744,0.99759,0.98127,0.9815
2022-11-03,0.98144,0.98394,0.97309,0.97516
2022-11-04,0.97518,0.99666,0.97474,0.99587
2022-11-07,0.9923,1.0034,0.99182,1.0018
2022-11-08,1.00196,1.00964,0.99731,1.00737
2022-11-09,1.00738,1.00883,0.9993,1.00118
2022-11-10,1.00122,1.02218,0.99361,1.01979
2022-11-11,1.01981,1.03641,1.01633,1.03581
2022-11-14,1.03205,1.03585,1.02717,1.03229
2022-11-15,1.03225,1.04786,1.0281,1.03458
2022-11-16,1.03465,1.04387,1.03341,1.03944
2022-11-17,1.03947,1.04064,1.03056,1.03642
2022-11-18,1.03644,1.03953,1.03204,1.03238
2022-11-21,1.03252,1.03331,1.02234,1.02424
2022-11-22,1.02429,1.03082,1.02403,1.03046
2022-11-23,1.03044,1.04045,1.02972,1.03961
2022-11-24,1.03981,1.04489,1.03826,1.04092
2022-11-25,1.0409,1.04292,1.0355,1.04095
2022-11-28,1.03761,1.04966,1.03308,1.03424
2022-11-29,1.03428,1.03944,1.03203,1.03286
2022-11-30,1.03288,1.04288,1.02913,1.04096
2022-12-01,1.04096,1.05315,1.03936,1.05233
2022-12-02,1.05233,1.0545,1.04288,1.0533
2022-12-05,1.05408,1.05949,1.04805,1.04948
2022-12-06,1.04951,1.0533,1.04596,1.04661
2022-12-07,1.04661,1.05491,1.04437,1.05088
2022-12-08,1.05088,1.05647,1.04899,1.0557
2022-12-09,1.05571,1.05882,1.05072,1.05307
2022-12-12,1.05348,1.05797,1.05066,1.05366
2022-12-13,1.05367,1.06728,1.05282,1.0633
2022-12-14,1.06331,1.06949,1.06198,1.06815
2022-12-15,1.06814,1.07332,1.05934,1.06302
2022-12-16,1.06322,1.06628,1.05922,1.05925
2022-12-19,1.05934,1.06579,1.05762,1.06085
2022-12-20,1.06088,1.06583,1.05791,1.06245
2022-12-21,1.06244,1.0644,1.05908,1.06061
2022-12-22,1.06063,1.06588,1.05735,1.05988
2022-12-23,1.05994,1.06329,1.05873,1.06165
2022-12-27,1.06359,1.06695,1.0612,1.06412
2022-12-28,1.06418,1.06744,1.06068,1.06166
2022-12-29,1.06161,1.06904,1.06114,1.06619
2022-12-30,1.06618,1.07132,1.0639,1.07049
2023-01-02,1.06965,1.07106,1.06502,1.06666
2023-01-03,1.06675,1.06831,1.05198,1.05482
2023-01-04,1.05491,1.06347,1.0541,1.0607
2023-01-05,1.06078,1.06316,1.05156,1.05219
2023-01-06,1.05218,1.06481,1.04841,1.06461
2023-01-09,1.0645,1.07604,1.06414,1.0733
2023-01-10,1.07335,1.07594,1.07124,1.07365
2023-01-11,1.07355,1.07763,1.0726,1.07581
2023-01-12,1.07571,1.08669,1.07315,1.0849
2023-01-13,1.08486,1.08682,1.07811,1.0832
2023-01-16,1.08318,1.08741,1.08016,1.08235
2023-01-17,1.08234,1.08693,1.07745,1.07921
2023-01-18,1.07921,1.08874,1.0767,1.0792
2023-01-19,1.07924,1.08398,1.07827,1.08311
2023-01-20,1.08307,1.08586,1.08025,1.08565
2023-01-23,1.08675,1.09269,1.08469,1.08709
2023-01-24,1.08709,1.08976,1.08356,1.08869
2023-01-25,1.08867,1.09238,1.08575,1.09146
2023-01-26,1.09147,1.09295,1.08511,1.08912
2023-01-27,1.08911,1.09002,1.08384,1.08655
2023-01-30,1.0866,1.09139,1.08396,1.08513
2023-01-31,1.08511,1.0875,1.08023,1.08621
2023-02-01,1.08622,1.10001,1.08524,1.09885
2023-02-02,1.09881,1.1033,1.08866,1.09088
2023-02-03,1.09082,1.09401,1.07934,1.07935
2023-02-06,1.07926,1.0799,1.07098,1.07275
2023-02-07,1.07266,1.07659,1.06695,1.07297
2023-02-08,1.07302,1.07606,1.07096,1.07133
2023-02-09,1.07126,1.07907,1.07099,1.074
2023-02-10,1.074,1.07522,1.06666,1.06793
2023-02-13,1.06794,1.07301,1.06557,1.07248
2023-02-14,1.0725,1.08005,1.07076,1.07349
2023-02-15,1.07349,1.07445,1.06609,1.0689
2023-02-16,1.06893,1.07223,1.06547,1.06704
2023-02-17,1.06704,1.06983,1.06132,1.06947
2023-02-20,1.06914,1.07043,1.06708,1.06855
2023-02-21,1.06857,1.06977,1.06376,1.06485
2023-02-22,1.06481,1.0664,1.05995,1.06057
2023-02-23,1.06059,1.06277,1.05779,1.05959
2023-02-24,1.05954,1.06146,1.05364,1.05472
2023-02-27,1.05472,1.06198,1.05332,1.06067
2023-02-28,1.06062,1.06448,1.05743,1.05795
2023-03-01,1.05799,1.06915,1.05655,1.06694
2023-03-02,1.06694,1.0673,1.05767,1.05983
2023-03-03,1.05989,1.06387,1.05888,1.06351
2023-03-06,1.06275,1.06945,1.06224,1.06826
2023-03-07,1.06826,1.06944,1.05463,1.05522
2023-03-08,1.05533,1.05738,1.05248,1.0544
2023-03-09,1.05443,1.05912,1.05381,1.05825
2023-03-10,1.05826,1.07005,1.05742,1.06372
2023-03-13,1.06938,1.07486,1.06514,1.07275
2023-03-14,1.07275,1.07496,1.06795,1.07325
2023-03-15,1.07324,1.07599,1.05182,1.05787
2023-03-16,1.0579,1.06349,1.05519,1.06125
2023-03-17,1.06125,1.06854,1.06118,1.06662
2023-03-20,1.06702,1.07307,1.06318,1.07227
2023-03-21,1.07229,1.0788,1.07042,1.07701
2023-03-22,1.07702,1.09101,1.07592,1.0858
2023-03-23,1.0858,1.09295,1.08252,1.08337
2023-03-24,1.0832,1.08371,1.07153,1.07596
2023-03-27,1.07665,1.08001,1.07456,1.07976
2023-03-28,1.07979,1.08487,1.07976,1.0842
2023-03-29,1.08418,1.08712,1.08188,1.08418
2023-03-30,1.08423,1.09261,1.08237,1.09068
2023-03-31,1.09056,1.09257,1.08432,1.08456
2023-04-03,1.08445,1.09168,1.07885,1.09023
2023-04-04,1.09035,1.09731,1.08835,1.09553
2023-04-05,1.09556,1.09695,1.08911,1.09065
2023-04-06,1.09066,1.09379,1.08849,1.09185
2023-04-10,1.09025,1.09173,1.08318,1.08603
2023-04-11,1.0862,1.09281,1.0861,1.09119
2023-04-12,1.0912,1.10004,1.0912,1.0992
2023-04-13,1.09923,1.10678,1.0978,1.10464
2023-04-14,1.10463,1.1076,1.09726,1.09967
2023-04-17,1.09936,1.09999,1.09096,1.0927
2023-04-18,1.09276,1.0983,1.09225,1.09725
2023-04-19,1.09726,1.09841,1.09175,1.09566
2023-04-20,1.09572,1.09896,1.09337,1.09691
2023-04-21,1.09706,1.09938,1.09388,1.09899
2023-04-24,1.09883,1.10502,1.09663,1.10459
2023-04-25,1.10463,1.1067,1.09643,1.0975
2023-04-26,1.09757,1.10944,1.09687,1.10418
2023-04-27,1.10418,1.10634,1.09932,1.10259
2023-04-28,1.10262,1.1045,1.09641,1.10198
2023-05-01,1.10206,1.10356,1.09645,1.09769
2023-05-02,1.09753,1.10081,1.09427,1.10022
2023-05-03,1.10021,1.10902,1.10011,1.10632
2023-05-04,1.10634,1.10914,1.09874,1.10144
2023-05-05,1.10138,1.10476,1.0967,1.10181
2023-05-08,1.10224,1.10537,1.10003,1.10046
2023-05-09,1.1004,1.10044,1.09415,1.0964
2023-05-10,1.09514,1.10059,1.09419,1.09834
2023-05-11,1.09831,1.09982,1.09003,1.09175
2023-05-12,1.09168,1.09352,1.08488,1.08521
2023-05-15,1.08542,1.08906,1.08461,1.0875
2023-05-16,1.08755,1.09043,1.08553,1.08624
2023-05-17,1.08622,1.08737,1.08106,1.084
2023-05-18,1.08408,1.0848,1.07627,1.07711
2023-05-19,1.07715,1.08289,1.07603,1.08065
2023-05-22,1.08082,1.08311,1.0796,1.08125
2023-05-23,1.0813,1.08206,1.07606,1.07734
2023-05-24,1.07732,1.08013,1.07485,1.07504
2023-05-25,1.07509,1.07568,1.07076,1.07285
2023-05-26,1.07286,1.07587,1.07021,1.07298
2023-05-29,1.07232,1.07436,1.07058,1.07107
2023-05-30,1.07103,1.07467,1.06729,1.07336
2023-05-31,1.07345,1.07365,1.06355,1.06871
2023-06-01,1.06883,1.07683,1.06621,1.07602
2023-06-02,1.07606,1.07788,1.07059,1.07081
2023-06-05,1.0708,1.07224,1.06747,1.0713
2023-06-06,1.07141,1.0733,1.06672,1.06947
2023-06-07,1.06948,1.07397,1.06688,1.06988
2023-06-08,1.06992,1.07866,1.06969,1.07826
2023-06-09,1.07822,1.07852,1.07431,1.07442
2023-06-12,1.07478,1.07903,1.07334,1.07577
2023-06-13,1.07579,1.08233,1.07576,1.07898
2023-06-14,1.079,1.0864,1.07746,1.08325
2023-06-15,1.08332,1.09526,1.0804,1.0943
2023-06-16,1.09429,1.09705,1.09185,1.09352
2023-06-19,1.09403,1.09464,1.09075,1.09225
2023-06-20,1.09218,1.09463,1.08933,1.09181
2023-06-21,1.09186,1.09909,1.09062,1.09856
2023-06-22,1.09848,1.1011,1.09487,1.09565
2023-06-23,1.09563,1.09583,1.08446,1.08909
2023-06-26,1.08995,1.09201,1.08879,1.09069
2023-06-27,1.09067,1.09765,1.09026,1.09606
2023-06-28,1.09605,1.09627,1.08978,1.09147
2023-06-29,1.09146,1.09412,1.08605,1.08646
2023-06-30,1.08646,1.09318,1.08355,1.09132
2023-07-03,1.09084,1.09339,1.08705,1.09116
2023-07-04,1.09115,1.09163,1.0877,1.08796
2023-07-05,1.08794,1.09079,1.0851,1.08565
2023-07-06,1.08565,1.09002,1.08339,1.0889
2023-07-07,1.08899,1.09733,1.08671,1.0967
2023-07-10,1.09659,1.10027,1.09436,1.10004
2023-07-11,1.10002,1.10264,1.09775,1.10074
2023-07-12,1.10075,1.11403,1.10075,1.11295
2023-07-13,1.11297,1.12279,1.11297,1.12252
2023-07-14,1.12254,1.1245,1.12044,1.12261
2023-07-17,1.1231,1.12488,1.12039,1.12375
2023-07-18,1.12382,1.12757,1.12093,1.12292
2023-07-19,1.12292,1.12401,1.11753,1.12007
2023-07-20,1.12007,1.12291,1.11186,1.11351
2023-07-21,1.11354,1.1145,1.1108,1.11254
2023-07-24,1.11311,1.11466,1.10604,1.10649
2023-07-25,1.10642,1.10869,1.10211,1.1058
2023-07-26,1.10569,1.11065,1.10379,1.1087
2023-07-27,1.10872,1.11496,1.09661,1.09775
2023-07-28,1.09775,1.10474,1.09438,1.1023
2023-07-31,1.10191,1.10456,1.09936,1.09985
2023-08-01,1.09985,1.102,1.09524,1.10187
2023-08-02,1.10155,1.10184,1.09186,1.09391
2023-08-03,1.09391,1.09628,1.09124,1.09495
2023-08-04,1.09497,1.10418,1.09353,1.10074
2023-08-07,1.10116,1.10142,1.09655,1.10041
2023-08-08,1.10032,1.10107,1.09293,1.09552
2023-08-09,1.09554,1.09953,1.0952,1.09768
2023-08-10,1.09766,1.10628,1.09673,1.09839
2023-08-11,1.09832,1.10049,1.09431,1.09467
2023-08-14,1.09487,1.09599,1.0875,1.09059
2023-08-15,1.09052,1.09516,1.08981,1.09046
2023-08-16,1.09046,1.09343,1.08717,1.08821
2023-08-17,1.08823,1.0918,1.08566,1.08716
2023-08-18,1.0872,1.08938,1.08451,1.08726
2023-08-21,1.08768,1.09135,1.08697,1.08966
2023-08-22,1.08965,1.09304,1.08331,1.08454
2023-08-23,1.08454,1.08712,1.08026,1.08626
2023-08-24,1.08629,1.08766,1.08051,1.08129
2023-08-25,1.0812,1.08415,1.07659,1.08026
2023-08-28,1.07968,1.08218,1.07934,1.08195
2023-08-29,1.08195,1.08919,1.07827,1.08792
2023-08-30,1.08787,1.09455,1.08552,1.09257
2023-08-31,1.09263,1.09396,1.08352,1.08423
2023-09-01,1.08423,1.08819,1.07723,1.07747
2023-09-04,1.07754,1.08088,1.07717,1.07948
2023-09-05,1.0795,1.07996,1.07067,1.07231
2023-09-06,1.07233,1.07487,1.07033,1.07247
2023-09-07,1.07247,1.07318,1.06865,1.06978
2023-09-08,1.06968,1.07436,1.06943,1.06995
2023-09-11,1.07162,1.07592,1.07082,1.07505
2023-09-12,1.07505,1.07652,1.07055,1.07599
2023-09-13,1.07596,1.07648,1.07119,1.07301
2023-09-14,1.073,1.07521,1.06319,1.0643
2023-09-15,1.06434,1.06878,1.06333,1.06597
2023-09-18,1.06647,1.06987,1.06548,1.06925
2023-09-19,1.06918,1.07179,1.06752,1.06799
2023-09-20,1.06794,1.07368,1.06503,1.06637
2023-09-21,1.0664,1.06735,1.06191,1.0659
2023-09-22,1.06592,1.06716,1.06152,1.06442
2023-09-25,1.06468,1.06553,1.05755,1.05923
2023-09-26,1.05922,1.06089,1.05623,1.05711
2023-09-27,1.0572,1.05743,1.04884,1.05061
2023-09-28,1.05058,1.05788,1.04913,1.05652
2023-09-29,1.05648,1.06169,1.05581,1.05727
2023-10-02,1.05683,1.05916,1.04772,1.04793
2023-10-03,1.04797,1.04927,1.04488,1.04654
2023-10-04,1.04651,1.05321,1.04515,1.05063
2023-10-05,1.05066,1.05524,1.05003,1.05485
2023-10-06,1.05482,1.05999,1.04832,1.05895
2023-10-09,1.05572,1.05743,1.05195,1.05663
2023-10-10,1.05664,1.06197,1.05546,1.06053
2023-10-11,1.06036,1.06346,1.05838,1.06201
2023-10-12,1.06201,1.06395,1.0526,1.0531
2023-10-13,1.05314,1.05584,1.04958,1.05135
2023-10-16,1.05184,1.05627,1.05156,1.05593
2023-10-17,1.056,1.05948,1.0533,1.05786
2023-10-18,1.05765,1.05941,1.05233,1.05362
2023-10-19,1.05365,1.06157,1.05283,1.05825
2023-10-20,1.05808,1.06033,1.05652,1.05924
2023-10-23,1.05963,1.06774,1.05716,1.06683
2023-10-24,1.06686,1.0692,1.05833,1.05925
2023-10-25,1.05907,1.06067,1.05659,1.05677
2023-10-26,1.05677,1.05692,1.05251,1.05613
2023-10-27,1.05613,1.0597,1.05356,1.05706
2023-10-30,1.05611,1.06251,1.05475,1.06121
2023-10-31,1.06121,1.06738,1.05577,1.05794
2023-11-01,1.05799,1.05806,1.05178,1.05784
2023-11-02,1.05786,1.06672,1.05775,1.06174
2023-11-03,1.06174,1.07466,1.06149,1.07316
2023-11-06,1.07263,1.07564,1.07162,1.07215
2023-11-07,1.07217,1.07225,1.06643,1.06988
2023-11-08,1.06989,1.0716,1.06595,1.0708
2023-11-09,1.0707,1.07253,1.06603,1.06699
2023-11-10,1.067,1.06927,1.06566,1.06851
2023-11-13,1.06868,1.07062,1.06655,1.06994
2023-11-14,1.06996,1.08875,1.06931,1.08747
2023-11-15,1.08761,1.08862,1.08318,1.08496
2023-11-16,1.08499,1.08952,1.08304,1.08536
2023-11-17,1.08535,1.09091,1.08251,1.09083
2023-11-20,1.09103,1.09519,1.08977,1.09418
2023-11-21,1.0942,1.09652,1.09004,1.09113
2023-11-22,1.09103,1.0923,1.08526,1.08866
2023-11-23,1.08861,1.09291,1.08861,1.09066
2023-11-24,1.09067,1.09486,1.08952,1.09448
2023-11-27,1.09444,1.09592,1.09254,1.09545
2023-11-28,1.09547,1.10089,1.09346,1.09938
2023-11-29,1.09942,1.10173,1.09607,1.0972
2023-11-30,1.09717,1.0984,1.08796,1.08918
2023-12-01,1.08922,1.09129,1.08295,1.08795
2023-12-04,1.08834,1.0895,1.08045,1.08352
2023-12-05,1.08348,1.08474,1.07783,1.07976
2023-12-06,1.07976,1.0804,1.07588,1.07683
2023-12-07,1.07683,1.0817,1.07554,1.07934
2023-12-08,1.0794,1.08005,1.07246,1.07636
2023-12-11,1.07619,1.0779,1.07418,1.07648
2023-12-12,1.07647,1.08263,1.07613,1.07962
2023-12-13,1.07968,1.08966,1.07733,1.08779
2023-12-14,1.08775,1.10092,1.08759,1.09922
2023-12-15,1.09924,1.10037,1.0889,1.08946
2023-12-18,1.08961,1.09309,1.08923,1.09226
2023-12-19,1.09222,1.09871,1.0915,1.09837
2023-12-20,1.09835,1.09835,1.09302,1.09436
2023-12-21,1.09445,1.10134,1.09354,1.10081
2023-12-22,1.10087,1.10402,1.09941,1.10127
2023-12-26,1.10144,1.10456,1.10089,1.10415
2023-12-27,1.10418,1.11226,1.10288,1.1106
2023-12-28,1.11059,1.11395,1.10554,1.10623
2023-12-29,1.10628,1.10842,1.10384,1.1041
